Date,close,high,low,open,volume
20040803,83.4800,86.8000,83.4200,86.7000,4351725
20040809,83.9100,84.9900,81.9000,83.4800,5239380
20040816,85.2500,85.3500,83.5100,83.7000,4304860
20040823,84.9400,85.4500,84.3500,85.2300,3391160
20040830,84.3900,85.0900,83.6500,84.5700,3457220
20040907,86.7600,87.0000,84.6000,84.7000,4498725
20040913,85.7400,87.2800,85.4400,87.0000,4641560
20040920,84.4300,86.4300,83.2400,85.4000,4633580
20040927,86.7200,86.9800,83.8800,84.1000,4493000
20041004,86.7100,88.1000,86.5100,87.0000,4260680
20041011,84.8500,87.2000,84.3000,86.7700,4891300
20041018,87.3900,89.7300,84.2900,84.3000,7985560
20041025,89.7500,90.2700,87.3100,87.3600,5578080
20041101,93.2800,93.5200,89.2300,89.3300,6152520
20041108,95.3200,95.5000,92.5000,92.5000,5618120
20041115,94.4500,96.6300,94.2500,95.0800,5451980
20041122,94.7200,95.7900,94.1600,94.3000,4324725
20041129,97.0800,97.6300,94.2400,94.9400,5882740
20041206,96.6700,98.2500,95.7100,96.8800,5390560
20041213,96.2000,98.1500,96.0800,96.8500,5544080
20041220,97.7200,98.0000,96.3500,96.3500,4538100
20041227,98.5800,99.0000,97.3700,97.6900,3500240
20050103,95.7800,99.1000,95.4700,98.9700,5483060
20050110,94.1000,96.2000,93.5500,95.7800,5212060
20050118,92.3800,95.3400,92.2300,93.6500,7139000
20050124,92.8900,93.5900,91.4400,92.7000,5533500
20050131,94.5100,94.7400,93.0000,93.6500,3946200
20050207,93.3000,94.9000,92.3000,94.3500,4220740
20050214,93.2700,94.9700,92.9000,93.1600,4000560
20050222,92.8000,93.5000,91.5500,92.6700,4670075
20050228,92.3700,93.7300,92.2000,92.5300,4405780
20050307,91.5100,93.0000,91.2000,92.3500,4912540
20050314,89.2800,92.2700,89.0900,91.5000,5153500
20050321,90.7000,91.5500,89.2600,89.4200,4726025
20050328,90.4400,91.7600,90.0400,90.7100,5110600
20050404,87.6000,90.6200,87.5000,90.0800,5535580
20050411,76.7000,87.5600,76.3300,87.3500,12428880
20050418,74.2100,77.7500,71.8500,77.1500,14018000
20050425,76.3800,77.1800,74.0500,75.1000,10222400
20050502,75.2600,78.1100,74.9700,76.8800,7812640
20050509,73.1600,75.4600,72.5000,75.2600,6745420
20050516,76.4100,77.6400,73.0900,73.0900,6861380
20050523,77.1000,77.4100,75.1700,76.3000,4979960
20050531,75.7900,77.5000,75.5000,77.3000,5993775
20050606,74.7700,76.0900,74.1000,75.8000,4960840
20050613,76.3900,77.7300,74.4500,74.5000,6713600
20050620,74.0100,77.4900,74.0000,76.0300,6657960
20050627,74.6700,75.6800,73.4500,74.0100,6135560
20050705,79.3000,79.5200,74.1600,74.3800,9347200
20050711,82.3800,82.7500,78.5200,79.4000,9132500
20050718,84.4400,85.1100,81.6800,81.9900,9002840
20050725,83.4600,84.5200,82.8100,83.9800,4876580
20050801,83.3600,84.2000,82.7300,83.0000,4453140
20050808,82.1900,84.0100,81.6200,83.4100,4513760
20050815,82.7600,83.3000,80.8000,81.9000,4577160
20050822,80.3800,83.3500,80.2600,82.7500,4442100
20050829,79.4600,81.7500,79.3400,80.0000,5034300
20050906,81.4400,81.5200,79.7000,79.7000,4670325
20050912,80.3300,82.1100,79.6700,81.0300,5022080
20050919,78.0000,79.9800,77.3000,79.7400,6340360
20050926,80.2200,80.5500,76.9300,78.3100,6023340
20051003,80.5000,81.4700,78.7000,80.2200,6184360
20051010,82.3500,83.5200,81.0800,81.2400,7269860
20051017,83.3300,84.6000,81.9300,82.3600,7857220
20051024,81.4200,83.9500,80.5000,83.1500,5158680
20051031,83.0000,83.3000,80.6400,81.5100,6230800
20051107,84.5500,84.8400,82.3000,83.1000,4352520
20051114,87.7700,88.0000,84.0300,84.2500,6143920
20051121,88.8000,89.3900,86.8800,87.6000,4548275
20051128,88.6500,89.9400,88.3600,88.8000,5153080
20051205,86.9700,89.9200,86.3300,88.4000,5285580
20051212,83.3700,87.3500,82.7500,87.0100,7861060
20051219,83.4800,84.2000,82.0600,83.2300,5459640
20051227,82.2000,84.5000,81.5600,83.4800,4405500
20060103,84.9500,85.0300,80.8100,82.4500,9239550
20060109,83.1700,84.8100,82.5000,83.9000,6034640
20060117,81.3600,84.7000,81.2500,82.8000,8698125
20060123,81.0200,82.1500,80.5900,81.3300,6494200
20060130,79.9700,82.2400,79.7200,80.2100,6713200
20060206,81.3300,81.4600,78.9300,79.9400,6565220
20060213,80.7100,81.9100,80.1300,81.3300,5398840
20060221,80.1000,81.6500,79.8500,80.1000,5003725
20060227,79.9600,80.8900,79.5100,79.9700,4738640
20060306,81.5700,82.2500,79.8600,79.9100,4741620
20060313,83.3000,83.7600,81.4500,81.5600,5034740
20060320,83.3600,84.9900,82.9300,83.1100,5109560
20060327,82.4700,83.7000,82.2000,82.9800,4627960
20060403,82.4800,84.4500,82.4400,82.7200,4756020
20060410,81.9800,82.7400,80.6300,82.2700,4573075
20060417,81.6600,84.0000,81.2600,81.9200,7089860
20060424,82.3400,84.4000,81.1000,81.3000,7297060
20060501,83.2800,83.3400,82.0000,82.5900,4908000
20060508,82.3900,83.6900,82.3000,82.6000,4463980
20060515,80.2800,83.2500,79.5100,81.8000,5725980
20060522,80.7500,81.3000,79.0600,79.8300,5244540
20060530,79.5200,80.9600,79.1500,80.3500,5883200
20060605,77.6300,80.7400,76.7500,79.1000,8068200
20060612,77.9500,78.7800,76.8200,77.6300,6630100
20060619,77.1000,78.5600,76.9400,77.9000,5414000
20060626,76.8200,77.9300,76.0600,77.0400,5359500
20060703,76.4200,78.5300,76.1200,77.5400,4549950
20060710,73.5700,76.8300,73.3700,76.1800,7465160
20060717,74.8600,77.0600,72.7300,73.3500,10122900
20060724,76.9600,77.3000,74.9200,74.9200,5133280
20060731,75.9100,77.5000,75.3200,76.4400,4180100
20060807,75.4800,76.2800,75.0500,75.6300,3810940
20060814,79.9000,79.9700,75.6000,76.0500,5860780
20060821,79.8800,80.0000,78.4200,79.5100,3612020
20060828,81.4100,81.6800,79.7600,79.9100,4447380
20060905,80.6600,81.5400,79.3100,81.1900,4027000
20060911,82.9400,83.5900,80.2500,80.6000,5485160
20060918,81.2100,83.7900,81.0100,82.5600,6058000
20060925,81.9400,82.7900,81.2800,81.6500,5131660
20061002,83.1400,83.7800,81.5600,81.7600,5147720
20061009,86.0800,86.2100,83.0000,83.1400,5372800
20061016,90.4800,92.0400,85.7500,86.0800,13573220
20061023,90.7600,92.0000,90.0100,90.0500,7007460
20061030,91.4100,92.6800,89.8000,89.8000,6021700
20061106,91.7600,93.4000,91.5000,91.5000,5891300
20061113,93.8100,94.0500,91.4100,91.5500,4765320
20061120,93.3500,93.8000,92.8000,93.6000,3389975
20061127,91.2500,93.2400,90.4300,92.7100,5557040
20061204,93.8600,94.8700,92.2500,92.5000,5758440
20061211,95.3000,95.8000,93.3000,93.7200,6082980
20061218,95.2500,96.5000,94.8000,94.9500,4801960
20061226,97.1500,97.8800,94.9200,95.0000,3951975
20070103,97.4200,98.7900,96.2600,97.1800,8980866
20070108,99.3400,100.3300,97.9300,98.5000,8966040
20070116,96.1700,100.9000,94.5500,99.4000,14618700
20070122,97.4500,97.9200,96.1200,96.4200,8309820
20070129,99.1700,99.7300,97.4500,97.7000,6834460
20070205,98.5500,100.4400,97.8100,99.1700,6933680
20070212,98.9900,99.5200,97.8000,98.8000,5409580
20070220,97.7300,99.5000,97.4100,98.6600,5170625
20070226,90.9000,97.8600,88.7700,97.8600,10485480
20070305,93.2800,94.8500,90.1000,90.2500,8701020
20070312,93.2500,94.4700,92.1000,93.2900,7284600
20070319,95.0300,95.8100,93.3900,93.9500,5381320
20070326,94.2600,95.2500,93.5700,95.0000,6808560
20070402,96.5200,96.7500,94.0600,94.5100,4799450
20070409,94.9300,96.9400,94.5300,96.4300,5499400
20070416,94.5800,97.6600,93.9100,94.9900,10357340
20070423,101.1700,101.7000,95.0500,95.1600,11655060
20070430,102.9600,103.1700,100.9700,101.1100,7661560
20070507,105.9800,105.9900,102.2100,102.7600,6995820
20070514,107.9900,108.0500,104.5300,105.8100,7002840
20070521,105.1800,108.0000,103.5700,107.6700,6054340
20070529,106.5400,107.6700,105.2100,105.5700,5802050
20070604,103.0700,106.5900,101.5600,106.5000,12637140
20070611,105.0900,105.1900,102.1000,102.8700,6903400
20070618,104.4400,107.0200,104.4400,105.2700,7010200
20070625,105.2500,106.9200,104.1000,104.7300,6311820
20070702,109.0300,109.6600,104.5800,105.3900,6141825
20070709,108.6000,109.6500,108.1000,108.7300,6962320
20070716,114.8100,116.4800,108.4200,108.5700,11125220
20070723,115.6200,118.8200,114.8500,114.8800,12968200
20070730,111.8900,115.7500,110.0200,115.0000,13238420
20070806,112.6400,114.6000,109.7000,111.9700,8325300
20070813,110.9000,113.9500,103.7000,112.9900,11077780
20070820,113.2400,113.2500,108.0800,110.9000,7991540
20070827,116.6900,117.3500,111.6300,113.0000,6523580
20070904,115.5500,118.8900,115.3300,116.3400,7229075
20070910,115.1300,117.7800,114.6500,116.1500,6442260
20070917,116.7800,118.1000,114.3000,114.7000,7615360
20070924,117.8000,118.5000,115.7900,116.9000,6605880
20071001,116.3000,119.6000,115.0000,117.6100,6705960
20071008,117.8100,121.4600,115.8800,116.1000,7016460
20071015,112.2800,119.9400,111.8000,117.9500,10791760
20071022,113.7300,114.8000,110.9600,110.9700,6552520
20071029,114.5900,116.2500,113.2800,113.9000,6008940
20071105,100.2500,115.1100,99.2700,115.1100,12543660
20071112,104.7900,106.4200,100.7000,101.8900,10020540
20071119,104.0500,105.3900,101.3400,104.3400,6955125
20071126,105.1800,109.1900,101.5000,104.2600,9313980
20071203,108.8600,110.0000,104.5800,105.5500,6334400
20071210,105.7700,110.4000,104.1000,109.3800,7345140
20071217,111.0500,111.1600,104.0000,105.3700,8696340
20071224,110.0900,112.1900,109.1100,111.2000,4134975
20071231,101.1300,110.0000,100.4800,109.5100,8449825
20080107,97.6700,101.0000,97.0400,100.2500,10520300
20080114,103.4000,106.7200,100.0500,105.0100,15625259
20080122,104.5200,107.7900,98.5000,98.5500,14442175
20080128,109.0800,109.4000,103.7000,104.4400,7801500
20080204,103.2700,109.0000,100.6000,108.6700,8128300
20080211,106.1600,108.9300,102.8700,103.0500,6786580
20080219,108.0700,109.6000,104.5300,106.9400,7823150
20080225,113.8600,116.6300,107.4300,107.4300,10873340
20080303,113.9400,116.4100,111.8000,113.8600,7901300
20080310,115.2300,118.0000,112.6900,113.1200,9718920
20080317,118.3300,118.5000,113.0000,113.0000,9994775
20080324,114.5700,119.7900,114.2100,118.5700,8299360
20080331,115.7600,118.3700,113.3400,114.1500,8475260
20080407,116.0000,119.2200,115.2800,116.3700,7797940
20080414,124.4000,125.0000,115.5400,116.2000,13439041
20080421,123.0800,124.9000,122.0500,123.6200,6454740
20080428,123.1800,124.4300,120.5000,122.6100,7221260
20080505,124.0600,125.1700,120.7800,122.2900,7794680
20080512,127.8200,128.8300,123.5600,123.8200,8169700
20080519,124.2000,128.2100,123.0200,127.6800,6293920
20080527,129.4300,129.9900,124.0000,124.0100,8269800
20080602,124.9400,129.3700,124.7400,128.4900,7061860
20080609,126.1500,126.7200,122.8600,125.3800,6260720
20080616,122.7400,127.1400,122.3600,125.4600,7073580
20080623,120.0500,125.8300,118.2600,123.0000,8381540
20080630,119.5400,120.7800,116.6000,120.0300,8179200
20080707,122.1200,124.5000,119.6200,119.6200,9469220
20080714,129.8900,130.0000,119.9000,123.5100,11908540
20080721,128.5300,130.9300,127.2600,129.8300,9190060
20080728,126.6400,129.5000,126.1300,127.6900,5739860
20080804,128.8100,129.9700,126.2500,126.7700,6882780
20080811,126.3600,128.4300,124.4000,128.4300,6544840
20080818,124.9300,127.0000,121.5500,126.4900,6891480
20080825,121.7300,125.4500,121.5000,124.4800,6098720
20080902,114.3300,124.0000,113.1700,122.8700,10502900
20080908,118.9700,119.9500,115.0000,118.0000,9356760
20080915,118.8500,124.0000,110.6100,115.3600,13261420
20080922,119.4200,121.9900,114.1400,118.4500,6946120
20080929,103.4400,118.4300,103.0300,117.4400,12561820
20081006,87.7500,103.0000,83.5100,101.2100,17369780
20081013,90.7800,99.0000,84.3500,90.4400,15009720
20081020,82.0700,93.3100,78.8200,92.2100,11661380
20081027,92.9700,94.1900,79.0100,80.2700,12107420
20081103,86.2700,94.7600,84.2500,92.6400,9403060
20081110,80.3300,88.1000,75.4000,87.9900,11638880
20081117,74.8800,81.0000,69.5000,79.4000,14682300
20081124,81.6000,82.4000,75.0000,75.7400,9922950
20081201,80.5900,81.5000,75.3100,80.9500,10290800
20081208,82.2000,85.8800,78.0600,82.5700,9957020
20081215,83.5200,87.2700,80.0000,82.5100,10025620
20081222,81.3300,83.4500,79.9200,83.2700,4743550
20081229,87.3700,87.5900,79.6800,81.7200,6515725
20090105,84.7000,90.4100,84.2500,86.4200,8218480
20090112,84.9200,86.6000,82.1100,84.5700,9636000
20090120,89.4900,91.6000,81.7600,84.7600,15327375
20090126,91.6500,94.9400,89.5200,89.7700,10163860
20090202,96.1400,97.1000,89.6900,90.6000,10731900
20090209,93.8400,96.9800,92.2000,95.9300,9826580
20090217,88.7900,92.4900,87.3400,91.7300,10604875
20090223,92.0300,93.2800,82.8500,89.3000,15561141
20090302,85.8100,91.9000,83.8100,91.1700,14896720
20090309,90.3600,90.6500,83.0200,84.7000,12366320
20090316,92.5100,95.0000,89.4100,91.6500,12666180
20090323,94.1500,99.8600,92.7500,93.7000,12190140
20090330,102.2200,102.6600,91.8000,92.0000,12982500
20090406,101.7000,102.4500,98.5200,100.9000,8221775
20090413,101.2700,102.0400,96.4400,100.2800,8342360
20090420,100.0800,103.8600,98.2000,100.2900,11893860
20090427,104.6100,106.0500,99.2500,99.6100,9278860
20090504,101.4900,106.8200,99.8300,105.2600,8538340
20090511,101.3700,104.3800,100.5700,101.0900,8445840
20090518,101.8900,106.1200,101.7400,102.0000,6919900
20090526,106.2800,106.5000,101.0200,101.3200,6832525
20090601,107.2400,108.8000,105.1100,106.9400,7118460
20090608,108.2100,110.6400,105.5000,106.6400,7782600
20090615,105.8900,109.1400,105.5000,107.6300,8586140
20090622,105.6800,106.7900,103.5100,105.1800,6174340
20090629,101.7300,106.2700,101.7300,105.9900,6189600
20090706,100.8300,102.7800,99.5000,101.5700,6841600
20090713,115.4200,115.5300,100.1900,101.2800,11758740
20090720,117.6400,118.1500,114.3900,114.5300,8504000
20090727,117.9300,119.3700,116.0500,116.9500,5617140
20090803,119.3300,119.9600,116.7000,118.8800,5578760
20090810,118.5700,119.9600,117.3200,118.1700,5080220
20090817,119.9000,120.0100,116.1200,116.6900,5524440
20090824,118.2200,120.8800,117.5100,119.9200,5224740
20090831,117.4600,118.9300,115.1500,117.1000,5061980
20090908,118.0500,119.2500,116.1600,117.9400,5457175
20090914,122.1100,122.8800,116.9400,117.0000,8171940
20090921,121.0800,122.7400,120.1000,121.0300,5246520
20090928,119.0200,122.0000,117.2600,120.5200,7476020
20091005,125.9300,126.0000,118.1300,118.9000,7565100
20091012,121.6400,128.6100,121.2500,125.4400,11195760
20091019,120.3600,124.1100,120.0000,121.7600,7258400
20091026,120.6100,123.2500,119.1500,120.6100,7757080
20091102,123.4900,123.5000,119.5000,120.7700,6158180
20091109,127.0300,127.8000,123.4900,123.9200,6213000
20091116,126.9600,128.6500,126.4600,127.1700,4696540
20091123,125.7000,128.9400,124.2600,127.7000,4776725
20091130,127.2500,128.9000,124.9200,125.1200,6061540
20091207,129.6800,129.7700,126.1100,126.8800,5848540
20091214,127.9100,129.9800,127.0000,129.6500,6890500
20091221,130.5700,130.5700,127.6800,127.8000,4675175
20091228,130.9000,132.8500,130.6800,130.9900,4518750
20100104,130.8500,132.9700,128.9100,131.1800,5727960
20100111,131.7800,132.8900,128.6700,131.0600,7174700
20100119,125.5000,134.2500,125.3700,131.6300,12202725
20100125,122.3900,127.7500,121.9000,126.3300,8557280
20100201,123.5200,126.0700,121.8300,123.2300,7012760
20100208,124.0000,124.2000,121.6100,123.1500,6017760
20100216,127.1900,128.0600,124.1100,124.9100,6108425
20100222,127.1600,128.2700,125.5700,127.3000,4724980
20100301,127.2500,129.0900,125.4700,127.5000,5830700
20100308,127.9400,128.3700,125.2000,127.0600,6747200
20100315,127.7100,128.9300,126.7800,127.4000,6535940
20100322,129.2600,130.7300,126.5700,127.1100,6290740
20100329,128.2500,129.9500,127.5500,129.3000,4488725
20100405,128.7600,129.8000,127.1200,128.3800,4878800
20100412,130.6300,132.1700,127.8400,128.5700,7065740
20100419,129.9900,132.2800,127.7700,130.3800,9269040
20100426,129.0000,132.0000,128.7100,129.7600,7075600
20100503,122.1000,130.1400,116.0000,129.3900,8620700
20100510,131.1900,133.1000,125.0600,126.2700,10401520
20100517,125.4200,131.9900,121.4000,130.6800,10547740
20100524,125.2600,126.3900,121.4700,125.2600,8118880
20100601,125.2800,128.2200,124.2000,124.6900,7788800
20100607,128.4500,128.8000,122.8200,125.5700,7289200
20100614,130.1500,131.2500,128.3400,128.5000,6991780
20100621,127.1200,131.9400,127.1200,131.4200,7145940
20100628,121.8600,129.4700,120.6100,127.6500,7985180
20100706,127.9600,128.2000,122.1700,123.5800,5694075
20100712,128.0300,131.6000,127.1600,127.3700,6138300
20100719,128.3800,130.3800,122.9300,128.6700,9065700
20100726,128.4000,129.5000,127.0400,128.1800,5817420
20100802,130.1400,131.9800,128.7600,129.2500,5350720
20100809,127.8700,132.4900,127.3300,130.7900,5544220
20100816,127.5000,130.2000,126.9600,127.4700,4967880
20100823,124.7300,128.0300,122.4200,127.5700,5770340
20100830,127.5800,127.6000,122.2800,125.0800,5019500
20100907,127.9900,128.2900,125.3900,126.9900,4171550
20100913,130.1900,130.6000,128.4300,128.6300,5993340
20100920,134.1100,134.1500,130.1100,130.2400,5671400
20100927,135.6400,136.2800,133.5100,133.5100,6166980
20101004,138.8500,139.0900,134.3900,135.2300,5205400
20101011,141.0600,142.1000,138.2700,138.7900,6259880
20101018,139.6700,143.0300,136.7000,140.9000,8350760
20101025,143.6000,144.0000,138.5300,140.4200,6516660
20101101,146.9200,146.9300,142.3200,143.6400,5420280
20101108,143.7400,147.5300,143.3500,145.3500,4963200
20101115,145.0500,145.3500,141.1800,143.8900,4841560
20101122,143.9000,146.4400,142.3300,144.0000,3814100
20101129,145.3800,145.8500,141.2800,143.5300,5724500
20101206,144.8200,146.3000,143.5200,144.5400,4204180
20101213,145.0000,146.0100,144.1500,145.1400,5638960
20101220,145.8900,146.4000,144.3300,145.3900,3396350
20101227,146.7600,147.5000,145.0000,145.1200,2936860
20110103,147.9300,148.8600,146.6400,147.2100,4697240
20110110,150.0000,150.0000,146.7500,147.5800,3975700
20110118,155.5000,156.7800,149.3800,149.8200,8941700
20110124,159.2100,164.3500,155.3300,155.4200,6500580
20110131,164.0000,164.2000,158.6800,159.1800,5074220
20110207,163.8500,166.2500,163.1800,164.0800,5219460
20110214,164.8400,164.8400,162.5200,164.1800,3718000
20110222,162.2800,164.2600,159.0300,163.5700,5358325
20110228,161.8300,164.3100,159.4100,162.3600,4307460
20110307,162.4300,167.7200,158.8500,161.6000,6219160
20110314,155.8900,161.9800,151.7100,161.1600,8359600
20110321,162.1800,162.7400,157.0700,157.6400,5074360
20110328,164.2700,164.4200,161.1200,161.5400,3813260
20110404,164.0500,164.7500,163.1600,164.4200,3520540
20110411,166.2100,166.3400,162.3000,163.4400,4433600
20110418,168.2800,168.4500,162.1900,164.6400,7439500
20110425,170.5800,173.0000,167.2300,167.6500,5371780
20110502,168.8900,173.5400,167.5000,172.1100,5893120
20110509,169.9200,172.7700,167.8200,168.3900,4699740
20110516,170.1600,171.4100,166.5300,169.8100,5199580
20110523,167.5000,168.6900,165.9000,168.5800,4543720
20110531,165.0500,169.8900,164.1300,168.4400,5835650
20110606,163.1800,165.9600,162.8700,164.7600,4128120
20110613,164.4400,165.1000,161.5200,164.4400,5877120
20110620,165.0700,166.8100,163.5900,163.7000,4595600
20110627,174.5400,174.6500,165.2100,165.7400,4680140
20110705,176.4900,177.7700,173.5200,173.5200,5194475
20110711,175.5400,176.3200,173.8400,174.9000,4767660
20110718,185.1800,185.6300,173.5800,174.7300,7500180
20110725,181.8500,184.9600,179.7300,183.8900,5258880
20110801,172.9800,183.6900,166.5200,182.6000,8245840
20110808,168.2000,172.6100,161.8500,168.8300,11335740
20110815,157.5400,174.0000,157.1300,171.3200,9502340
20110822,169.1400,169.3300,157.6200,161.3500,6757840
20110829,166.9800,173.7200,166.0000,170.5800,5257660
20110906,161.3700,169.5800,160.8100,163.0600,6332225
20110912,172.9900,172.9900,158.7600,160.0400,6692840
20110919,169.3400,177.6700,165.7600,169.5000,6358100
20110926,174.8700,180.9100,169.8600,170.9600,7373680
20111003,182.3900,183.7200,168.8800,174.3600,7623560
20111010,190.5300,190.5300,182.9000,183.0000,5244180
20111017,181.6300,190.1600,176.1700,189.7100,9359200
20111024,187.4500,188.0700,179.0300,181.5100,5743800
20111031,186.3800,187.7800,180.7400,185.5900,4583780
20111107,187.3800,187.8800,181.1600,186.2200,4180620
20111114,185.2400,189.9700,183.3900,189.1700,5104420
20111121,177.0600,183.9600,177.0600,183.3700,4089350
20111128,189.6600,191.3300,180.6700,182.7100,5168720
20111205,194.5600,194.9000,190.3200,191.1800,4828580
20111212,183.5700,194.3000,181.9100,193.6400,6037220
20111219,184.7500,187.3300,179.0400,184.5100,5433360
20111227,183.8800,186.4800,183.3400,184.9700,3029925
20120103,182.5400,188.7100,182.3100,186.7300,4838225
20120109,179.1600,183.7200,177.3500,182.2000,5326640
20120117,188.5200,188.9700,179.3200,180.3600,8005225
20120123,190.4600,192.7900,187.6700,187.9100,4564440
20120130,193.6400,194.8100,188.2200,189.3900,4540720
20120206,192.4200,194.4600,191.2800,192.4800,3628820
20120213,193.4200,193.8600,190.8300,193.3100,3429960
20120221,197.7600,199.2300,192.4600,193.7300,4488825
20120227,198.8100,199.1700,196.1000,196.7800,3866120
20120305,200.6200,201.1900,196.8100,198.3600,4364720
20120312,206.0100,207.5200,200.2300,200.9300,5169220
20120319,205.4800,206.5300,203.7000,205.7100,3426440
20120326,208.6500,209.1200,206.0200,206.4500,3201460
20120402,205.4700,210.6900,204.4600,208.9600,3923100
20120409,202.8000,206.1700,202.1700,204.4000,3504520
20120416,199.6000,207.6400,197.5200,204.7400,6113340
20120423,206.8100,208.1700,196.7900,197.8900,4009620
20120430,204.9900,208.9300,204.4000,206.7100,2939920
20120507,201.1700,204.7700,199.0600,203.9600,3443880
20120514,195.8800,201.4700,195.1600,199.9200,4476200
20120521,194.3000,198.2600,193.2000,195.9800,3594000
20120529,189.0800,198.0800,188.6000,195.2200,5428725
20120604,195.1400,195.8300,187.0000,188.3400,3600520
20120611,199.1000,199.2700,192.1400,196.6000,3903740
20120618,193.7000,199.9900,193.1900,197.5700,4638860
20120625,195.5800,195.8100,188.9000,192.4800,3727420
20120702,191.4100,197.2000,189.7400,196.3600,2980125
20120709,186.0100,191.1400,181.8500,190.7600,4599760
20120716,192.4500,196.8500,183.2000,185.5800,6301520
20120723,196.3900,197.4100,188.2000,189.7800,3759120
20120730,198.5200,198.9500,193.0200,196.3200,2988800
20120806,199.2900,200.8800,197.2400,198.7600,2475220
20120813,201.2200,202.0000,197.7200,198.8800,2474740
20120820,197.7700,201.1300,194.2000,200.6900,2828060
20120827,194.8500,198.3000,193.1800,197.9600,2622720
20120904,199.5000,199.5000,193.2500,196.6100,3793075
20120910,206.8100,207.6500,198.7300,199.3900,3867860
20120917,205.9800,207.9900,205.3000,205.5500,4973480
20120924,207.4500,208.3200,203.9000,205.0200,3592480
20121001,210.5900,211.7900,207.9400,208.0100,3557220
20121008,207.8000,210.7400,205.0500,210.0200,3041900
20121015,193.3600,211.0000,193.1800,208.8800,7456620
20121022,193.2700,194.6800,190.5600,193.7100,3964800
20121031,193.4300,198.0000,193.2900,194.8000,4690400
20121105,189.6400,196.7500,188.8800,192.3600,3595440
20121112,186.9400,190.8800,184.7800,190.0300,3790200
20121119,193.4900,193.4900,188.2500,188.6200,3956575
20121126,190.0700,193.3700,189.2700,192.4500,4223820
20121203,191.9500,192.2000,186.9400,190.7600,3770060
20121210,191.7600,194.8000,191.2600,192.1700,3854900
20121217,193.4200,196.4500,191.5700,191.7600,4919720
20121224,189.8300,193.8300,189.8300,193.0500,2977975
20121231,193.9900,196.3500,188.8400,189.2300,3985975
20130107,194.4500,195.0000,191.2800,193.4000,3317940
20130114,194.4700,195.0000,190.3900,192.8200,3949680
20130122,204.9700,208.5800,194.0100,194.3600,6877225
20130128,205.1800,206.2200,202.9600,204.8500,3180260
20130204,201.6800,205.0200,198.6800,204.1900,3283980
20130211,200.9800,201.9500,199.0200,200.9800,2899660
20130219,201.0900,201.8900,198.1100,200.6000,3436125
20130225,202.9100,203.1200,197.5100,201.6700,3883800
20130304,210.3800,210.7400,202.5500,202.5900,3736180
20130311,214.9200,215.9000,209.0400,210.0400,4686600
20130318,212.0800,215.8200,210.1100,212.9000,3617100
20130325,213.3000,213.4400,209.7400,212.5400,3129025
20130401,209.4100,214.8900,206.3400,212.8000,3249520
20130408,211.3800,213.0900,207.3300,209.0700,3054740
20130415,190.0000,212.0000,189.7600,210.4400,7139280
20130422,194.3100,195.1700,187.6800,191.1500,5595320
20130429,204.5100,205.3200,194.6500,194.7800,5361840
20130506,204.4700,205.0000,201.5200,203.7900,3740140
20130513,208.4400,209.5000,202.0400,204.1800,4317460
20130520,205.7200,210.1500,204.4200,208.0200,4051820
20130528,208.0200,211.9800,206.0400,207.4400,4199900
20130603,206.3500,210.0500,201.4700,208.2500,3553700
20130610,202.2000,206.9800,200.3400,206.9700,2916100
20130617,195.4600,206.0900,193.5400,203.4400,4554680
20130624,191.1100,196.9000,188.4100,193.9900,5018520
20130701,194.9300,195.1600,190.2600,192.1500,3094525
20130708,192.0700,195.7800,190.7800,195.6000,4143180
20130715,193.5400,200.9400,191.6800,192.4200,6335880
20130722,197.3500,197.8300,193.2800,193.4000,2943820
20130729,195.1600,197.8300,193.2200,196.8300,3067720
20130805,187.8200,195.8800,186.7900,195.1600,4025660
20130812,185.3400,189.9900,185.3400,186.9700,3316100
20130819,185.4200,186.5700,183.1700,185.3000,2912940
20130826,182.2700,187.0000,181.1000,185.2700,3010440
20130903,183.0300,185.0000,182.3100,183.6300,2964050
20130909,192.1700,193.1000,183.3100,183.6800,3638980
20130916,190.0200,194.8900,190.0200,193.7000,4475820
20130923,186.9200,192.4100,186.4500,190.0600,3015940
20130930,184.1000,186.7400,183.0000,185.5600,3270380
20131007,186.1600,186.2300,178.7100,181.8500,4171940
20131014,173.7800,186.9900,172.5700,185.4100,9132620
20131021,176.8500,179.1000,172.6300,174.4200,5972300
20131028,179.2300,182.3200,176.2000,177.0400,5170720
20131104,179.9900,181.3900,177.3500,179.9000,5127060
20131111,183.1900,184.0500,179.6600,180.1900,5136560
20131118,181.3000,186.2400,179.9200,183.5200,5127480
20131125,179.6800,180.7600,177.3100,180.2500,5096225
20131202,177.6700,179.5900,175.1600,179.4600,4963220
20131209,172.8000,178.1500,172.7300,177.9900,4374160
20131216,180.0200,182.0000,172.7300,173.2200,6453420
20131223,185.0800,186.5000,180.6100,181.0500,3100200
20131230,186.6400,187.7900,184.6700,185.3200,3812000
20140106,187.2600,190.3500,185.3000,187.1500,4589500
20140113,190.0900,190.8100,183.8600,186.2600,5527060
20140121,179.6400,190.3900,179.6400,190.2300,9684225
20140127,176.6800,179.6500,175.3400,179.6100,5111980
20140203,177.2500,177.5600,172.1900,176.0200,5046800
20140210,183.6900,184.4300,176.2500,176.9700,4262520
20140218,182.7900,185.7100,182.3200,183.1800,4943550
20140224,185.1700,186.1200,182.8200,182.8200,4146800
20140303,187.6800,188.9200,182.8200,183.3300,4020680
20140310,182.2100,188.4500,182.2100,187.5500,4811440
20140317,186.6700,188.7000,182.6600,182.6600,6164220
20140324,190.4500,195.6300,187.3700,187.4300,7093000
20140331,191.7700,195.1300,191.2800,191.6400,5807300
20140407,195.1900,199.2100,191.5700,191.7200,6119700
20140414,190.0100,198.7100,187.0100,196.2400,7641300
20140421,189.6300,193.0000,189.1100,189.8000,4462560
20140428,191.4400,196.8600,190.5800,191.1400,4239060
20140505,190.0800,191.4900,186.9300,191.0500,2785060
20140512,187.0600,193.0300,185.9300,191.1200,3881440
20140519,185.9400,187.1600,184.7000,186.6100,2813220
20140527,184.3600,185.6500,182.3300,184.8000,3973950
20140602,186.3700,187.6500,183.9200,184.7600,2848660
20140609,182.5600,187.6400,180.9100,186.2200,3628780
20140616,181.5500,184.4700,181.2400,182.4000,4830760
20140623,181.7100,183.0000,179.2700,181.9200,3540780
20140630,188.5300,188.9900,180.2600,181.3300,4595575
20140707,188.0000,188.9000,186.2100,187.6100,2996740
20140714,192.5000,195.9500,188.2100,188.5500,6838260
20140721,194.4000,195.9000,189.2500,191.3000,3894360
20140728,191.6700,196.4000,191.5400,194.3000,3664450
